-- phpMyAdmin SQL Dump
-- version 5.2.1
-- https://www.phpmyadmin.net/
--
-- Host: 127.0.0.1
-- Generation Time: May 17, 2023 at 03:54 PM
-- Server version: 10.4.28-MariaDB
-- PHP Version: 8.2.4

SET SQL_MODE = "NO_AUTO_VALUE_ON_ZERO";
START TRANSACTION;
SET time_zone = "+00:00";


/*!40101 SET @OLD_CHARACTER_SET_CLIENT=@@CHARACTER_SET_CLIENT */;
/*!40101 SET @OLD_CHARACTER_SET_RESULTS=@@CHARACTER_SET_RESULTS */;
/*!40101 SET @OLD_COLLATION_CONNECTION=@@COLLATION_CONNECTION */;
/*!40101 SET NAMES utf8mb4 */;

--
-- Database: `db_resepedia`
--

-- --------------------------------------------------------

--
-- Table structure for table `categories`
--

CREATE TABLE `categories` (
  `id` bigint(20) UNSIGNED NOT NULL,
  `name` varchar(255) NOT NULL,
  `slug` varchar(255) NOT NULL,
  `created_at` timestamp NULL DEFAULT NULL,
  `updated_at` timestamp NULL DEFAULT NULL
) ENGINE=InnoDB DEFAULT CHARSET=utf8mb4 COLLATE=utf8mb4_unicode_ci;

--
-- Dumping data for table `categories`
--

INSERT INTO `categories` (`id`, `name`, `slug`, `created_at`, `updated_at`) VALUES
(1, 'Masakan Nusantara', 'masakan-nusantara', '2022-06-06 00:54:40', '2023-05-02 07:08:40'),
(2, 'Masakan Internasional', 'masakan-internasional', '2022-06-06 02:21:37', '2023-05-02 07:08:56');

-- --------------------------------------------------------

--
-- Table structure for table `migrations`
--

CREATE TABLE `migrations` (
  `id` int(10) UNSIGNED NOT NULL,
  `migration` varchar(255) NOT NULL,
  `batch` int(11) NOT NULL
) ENGINE=InnoDB DEFAULT CHARSET=utf8mb4 COLLATE=utf8mb4_unicode_ci;

--
-- Dumping data for table `migrations`
--

INSERT INTO `migrations` (`id`, `migration`, `batch`) VALUES
(1, '2014_10_12_000000_create_users_table', 1),
(2, '2019_12_14_000001_create_personal_access_tokens_table', 1),
(3, '2022_05_30_133904_create_posts_table', 1),
(4, '2022_05_30_151956_create_categories_table', 1);

-- --------------------------------------------------------

--
-- Table structure for table `personal_access_tokens`
--

CREATE TABLE `personal_access_tokens` (
  `id` bigint(20) UNSIGNED NOT NULL,
  `tokenable_type` varchar(255) NOT NULL,
  `tokenable_id` bigint(20) UNSIGNED NOT NULL,
  `name` varchar(255) NOT NULL,
  `token` varchar(64) NOT NULL,
  `abilities` text DEFAULT NULL,
  `last_used_at` timestamp NULL DEFAULT NULL,
  `created_at` timestamp NULL DEFAULT NULL,
  `updated_at` timestamp NULL DEFAULT NULL
) ENGINE=InnoDB DEFAULT CHARSET=utf8mb4 COLLATE=utf8mb4_unicode_ci;

-- --------------------------------------------------------

--
-- Table structure for table `posts`
--

CREATE TABLE `posts` (
  `id` bigint(20) UNSIGNED NOT NULL,
  `category_id` bigint(20) UNSIGNED NOT NULL,
  `user_id` bigint(20) UNSIGNED NOT NULL,
  `picture` varchar(255) NOT NULL,
  `title` varchar(255) NOT NULL,
  `slug` varchar(255) NOT NULL,
  `ingredient` text NOT NULL,
  `step` text NOT NULL,
  `created_at` timestamp NULL DEFAULT NULL,
  `updated_at` timestamp NULL DEFAULT NULL
) ENGINE=InnoDB DEFAULT CHARSET=utf8mb4 COLLATE=utf8mb4_unicode_ci;

--
-- Dumping data for table `posts`
--

INSERT INTO `posts` (`id`, `category_id`, `user_id`, `picture`, `title`, `slug`, `ingredient`, `step`, `created_at`, `updated_at`) VALUES
(5, 1, 4, 'post-pictures/iXu6xHga0YsjGVmxZ3kIkrXsMIcpVIw9ryBHn6y0.jpg', 'Ayam Rica-rica', 'ayam-rica-rica', '1 ekor ayam (saya pakai ayam pejantan)\r\n3 batang sereh,geprek\r\n3 lembar daun salam\r\n3 lembar daun jeruk\r\n1 lembar daun pandan,ikat simpul\r\n1 batang daun bawang,rajang\r\n2 ikat daun kemangi,petiki daunnya\r\nSecukupnya air,garam dan kaldu bubuk\r\nBumbu Yang Di Haluskan :\r\n6 butir bawang merah\r\n3 siung bawang putih\r\n3 butir kemiri\r\n50 gram cabe merah keriting\r\n15 buah cabe rawit\r\n2 ruas jari lengkuas\r\n2 cm jahe\r\nSedikit kunyit', 'Potong ayam jadi 12 bagian,saya potong kecil-kecil,cuci bersih lalu lumuri dengan kunyit bubuk,air perasan jeruk nipis dan sedikit garam,diamkan 10 menit kemudian goreng setengah kering,angkat,tiriskan.Sisihkan dahulu.\r\nMaafkeun ayam yang sudah di goreng lupa gak ke foto 🙏\r\n\r\nTumis bumbu halus sampai harum,masukkan daun salam,daun pandan,daun jeruk dan sereh,tumis sampai bumbu matang.\r\n\r\nMasukkan ayam yang telah di goreng setengah kering tadi,aduk-aduk.Masukkan air secukupnya kira-kira sampai ayam terendam,beri garam dan kaldu bubuk.\r\n\r\nMasak sampai kuah menyusut sambil sesekali di aduk-aduk dan jangan lupa koreksi rasanya sampai pas sesuai selera.\r\n\r\nSesaat sebelum di angkat,masukkan daun bawang dan daun kemangi,aduk rata sampai kemangi layu.Matikan kompor.\r\n\r\nPindahkan ke wadah,siap untuk di sajikan.', '2022-06-06 08:53:50', '2023-05-09 18:00:24'),
(17, 2, 6, 'post-pictures/6ihOF0xVxiSlSFTzPxq4gb4mcVdEWe3neSptxGj1.jpg', 'Szechuan Chicken Rice Bowl (China)', 'szechuan-chicken-rice-bowl-china', '2 buah dada ayam matang\r\n1/4 siung bawang bombay\r\n1 siung bawang putih\r\n75 gram bumbu/pasta Szechuan\r\n20 ml air\r\n3 sdm minyak goreng\r\nSejumput biji wijen\r\n1/4 buah paprika merah', 'Marinasi ayam dengan bumbu lalu masukan dalam kulkas selama 10 menit.\r\nCincang bawang putih hingga halus, lalu potong sesuai selera bawang bombay dan paprika.\r\nPanaskan minyak dalam katel, lalu tumis bawang putih hingga harum kemudian tumis bawang bombay dan paprika hingga sedikit layu.\r\nSetelah itu tambahkan bumbu szechuan lalu tambahkan air, aduk hingga rata koreksi rasa. Tambahkan ayam yang sudah di marinasi. Masak hingga harum.\r\nAmbil nasi dalam paper bowl, lalu isi dengan ayam dan siap di nikmati', '2022-06-08 00:50:36', '2023-05-09 18:38:12'),
(27, 1, 4, 'post-pictures/x0G37l3RvePbf6veDWKIEjpIumAfRw88ap6YCPEC.jpg', 'Udang Asam Manis', 'udang-asam-manis', '1/2 kg Udang uk besar\r\n1 buah wortel\r\n1 buah timun\r\n1 buah bawang bombay\r\n7 buah bawang putih\r\n2 buah cabe merah (sesuai selera)\r\n15 buah cabe rawit (sesuai selera)\r\nDaun bawang\r\nSaus tomat\r\n1 bungkus Tepung crispy\r\nGula\r\nGaram\r\nPenyedap rasa', 'Bersihkan udang dan cuci bersih.\r\nKemudian buat adonan tepung basah dan kering untuk udangnya, lalu di goreng sampai kuning keemasan.\r\nTumis bawang bombay, bawang putih, cabe merah, cabe rawit lalu masukan wortel yg sudah di iris memanjang dan timun terakhir masukan udang\r\nTambahkan penyedap rasa, gula dan garam. Kemudian masukan saus dan cek rasa.', '2022-06-08 01:38:05', '2023-05-09 17:59:21'),
(28, 1, 2, 'post-pictures/OBXTUIdE16KzcZoDmCHYBJsD1rfYET1j9lPbHQBa.jpg', 'Cah Sawi Tahu Udang', 'cah-sawi-tahu-udang', '2 ikat kecil Sawi Hijau\r\n1 Buah Tahu (potong dadu)\r\nUdang (secukupnya)\r\n\r\nBumbu\r\n2 bawang merah\r\n3 bawang putih\r\n5 cabe (sesuai selera)\r\nGaram, gula, kaldu jamur (optional)\r\nJeruk nipis', 'Menyiapkan bahan.\r\nMemotong tahu tidak terlalu kecil, kemudian dilanjutkan dengan memilah dan memotong sayur. Membersihkan udang dan merendam dengan sedikit jeruk nipis agar tidak bau. Menyiapkan bumbu.\r\nMemanaskan minyak secukupnya, memasukkan bawang merah, bawang putih, kemudian tahu, dilanjutkan dengan udang.\r\nTunggu hingga udang dan tahu mulai matang. Masukkan sawi dan cabai.\r\nMemasukka air dan menambahkan garam, gula, kaldu. Kemudia tes rasa.\r\nCah siap dihidangkan dengan nasi hangat.\r\nTerimakasih selamat mencoba', '2022-06-08 01:39:51', '2023-05-09 18:23:33'),
(36, 2, 7, 'post-pictures/j2riS5VpQesbbO0m3IntahaGeQEiBFmoAkgdNLJb.jpg', 'Pizza mini (Italia)', 'pizza-mini-italia', '1. 200 gr Tepung pro tinggi \r\n2. 100 gr Tepung pro sedang \r\n3. 40 gr Gula pasir (gula pasir yang di Blender)⁣\r\n4. 1 butir Kuning Telur⁣\r\n5. 6 gr Ragi Instant⁣\r\n6. 1/2 sdt Garam⁣\r\n7. 60 gr Salted Butter\r\n8. 150ml Air Es (susu cair dingin 160ml)⁣\r\n9. Saus tomat botolan⁣\r\n10. Keju Parut/ keju cepat leleh \r\n11. Sosis Sapi⁣\r\n12. Oregano ⁣\r\n13. Bayam petik daunnya⁣\r\n14. Daun bawang⁣', '1. Campur semua bahan kering, aduk rata,tuang kuning telur dan susu cair dingin perlahan sambil terus \r\n    di uleni⁣ (sampai setengah kalis).\r\n2. Setelah setengah kalis, Tambahkan Garam dan mentega mixer degan kecepatan rendah lama-lama \r\n    naik ke kecepatan paling tinggi, sampai kalis elastis ,tutup serbet basah atau plastik.\r\n3. Diamkan selama 30 menit atau sampai mengembang d tempat yg bersuhu hangat (sekitar 35 menit).⁣\r\n4. Setelah didiamkan ngembang, Timbang adonan masing2 30-35 gr dan bulatkan pipihkan adonan/ \r\n    gilas kemudian taruh dalam Loyang yg sudah dioles margarin dan beri jarak.⁣\r\n5. Tusuk-tusuk menggunakan garpu, Beri saus tomat,ratakan sendok, tambahkan potongan \r\n    Sosis,bayam taburi Keju parut, semprot saus tomat⁣\r\n6. Tabur oregano dan daun bawang diamkan lagi 30 menit sampai mengembang⁣.\r\n⁣\r\nCatatan : karena pada saat ngasih toping juga lumayan lama jadi tidak di diamkan lagi ya, Jadi setelah semua beres di kasih toping, langsung oven. \r\n7. ⁣Panggang di oven yg sudah dipanasin sebelumnya, Degan suhu 200°c api atas bawah, selama skitar \r\n    30-35 menit, Sesuaikan oven masing-masing.', '2023-05-09 06:10:16', '2023-05-09 17:56:28'),
(37, 2, 7, 'post-pictures/5gXwXvsm0ArOA4gv9ObsjCi0kUq207zgA6Gv7kGg.jpg', 'Kebab smoke beef (Turki)', 'kebab-smoke-beef-turki', '- 4 lembar tortilla atau kulit kebab\r\n- 8 lembar smoke beef\r\n- 1/2 buah bawang bombay diiris tipis\r\n- 1/2 buah mentimun diiris tipis\r\n- 1 buah tomat diiris tipis\r\n- 5 lembar daun selada diiris tipis\r\n- Saus tomat atau saus sambal secukupnya\r\n- Mayonaise secukupnya\r\n- Margarin secukupnya untuk memanggang', '1. Cairkan margarin dalam teflon lalu panggang smoke beef tiap lembar sebentar saja.\r\n2. Setelah di panggang, potong smoke beef kecil-kecil sesuai selera. Sisihkan.\r\n3. Panaskan margarin lagi dalam teflon lalu panggang tortilla atau kulit kebab sebentar hingga muncul \r\n    bercak panggangan. Angkat dan sisihkan.\r\n4. Kemudian tumis bawang bombay sebentar saja sampai layu, angkat dan tiriskan.\r\n5. Setelah semua bahan siap, letakan 1 lembar kulit kebab di atas piring.\r\n6. Tata selada di bagian tengah kulit kebab secara memanjang.\r\n7. Lalu tata di atasnya tumisan bawang bombay, irisan mentimun, dan irisan tomat.\r\n8. Tuang saus tomat atau saus sambal dan mayonaise secukupnya secara merata.\r\n9. Baru tata smoke beef di atasnya sesuai selera. Dalam menata urutan isian kebab sebenarnya tidak \r\n    ada urutan yang pasti. Jadi, bisa menata bahan isian, saus, dan mayonaise sesuai selera.\r\n10. Gulung dan padatkan kebab menjadi bentuk lonjong dan tekuk salah satu ujungnya.\r\n11. Kemudian panaskan margarin lagi dalam teflon dan panggang kebab yang sudah digulung tadi \r\n      sebentar lagi.\r\n12. Angkat kebab dan taruh dalam piring saji.', '2023-05-09 06:23:03', '2023-05-09 17:55:41'),
(38, 1, 3, 'post-pictures/4hEIOCcInMpM04K43Qyv7f0vKzZQqjLQkjmDodOY.jpg', 'Nasi Gandul', 'nasi-gandul', '500 gram beras\r\n1 liter air\r\n250 ml santan kental\r\n200 gram daging ayam atau sapi, potong-potong\r\n2 lembar daun salam\r\n2 batang serai, memarkan\r\n3 lembar daun jeruk\r\n3 cm lengkuas, memarkan\r\n2 sendok makan minyak goreng\r\n1 sendok makan garam\r\n1 sendok teh gula merah, sisir halus\r\n\r\nBumbu kacang:\r\n200 gram kacang tanah, sangrai dan haluskan\r\n5 butir bawang merah, iris halus\r\n3 siung bawang putih, iris halus\r\n5 buah cabai merah keriting, iris halus\r\n2 sendok teh ketumbar bubuk\r\n1 sendok teh garam\r\n1 sendok makan gula merah, sisir halus\r\n750 ml air', '1. Cuci bersih beras, tiriskan. Siapkan panci dan masukkan beras, air, santan, daun salam, serai, daun \r\n    jeruk, lengkuas, minyak goreng, garam, dan gula merah. Aduk rata dan nyalakan api.\r\n2. Setelah air mendidih, kecilkan api dan tutup panci. Biarkan beras matang selama sekitar 30-40 menit \r\n    atau hingga air habis dan beras matang sempurna.\r\n3. Sementara menunggu beras matang, siapkan bumbu kacang. Tumis bawang merah, bawang putih, \r\n   dan cabai merah keriting hingga harum. Tambahkan ketumbar bubuk, garam, dan gula merah. Aduk \r\n   rata.\r\n4. Setelah bumbu harum, tambahkan kacang tanah yang sudah dihaluskan dan air. Aduk rata dan \r\n    biarkan bumbu kacang mendidih hingga matang.\r\n5. Setelah beras matang, tambahkan potongan daging ayam atau sapi ke dalam panci. Aduk rata dan \r\n    tutup panci. Biarkan daging matang selama sekitar 10-15 menit.\r\n6. Setelah daging matang, tuang bumbu kacang ke dalam panci dan aduk rata. Biarkan nasi gandul \r\n    kembali mendidih selama beberapa menit.\r\n7. Sajikan nasi gandul di dalam mangkuk dan hidangkan dengan acar timun dan sambal terasi.', '2023-05-09 17:32:47', '2023-05-09 17:32:47'),
(39, 2, 3, 'post-pictures/Vhyzx7JcOZCcHazopp6Eec3AL7iW77yIxwoQnokR.jpg', 'Sushi (Jepang)', 'sushi-jepang', '- 100 gram beras yang pulen\r\n- 50 gram beras ketan\r\n- 1 buah wortel ukuran sedang\r\n- 1 sdt garam\r\n- 2 sdm gula pasir\r\n- 3 butir telur ayam yang sudah didadar\r\n- 3 sdm air matang\r\n- 4 buah nugget\r\n- 4 buah sosis\r\n- 4 lembar nori\r\n- 8 buah stik kentang\r\n- Cuka secukupnya\r\n- Kecap asin secukupnya\r\n- Mayones secukupnya\r\n- Wasabi secukupnya', '1. Buat isiannya terlebih dahulu, rebus wortel sampai matang, Telur yang sudah didadar dipotong \r\n    memanjang, nuget, stik kentang dan sosis digoreng.\r\n2. Kukus nasi sampai matang. Campurkan larutan gula, garam, cuka dan tiga sendok makan air matang \r\n    ke dalam nasi yang telah dikukus. Koreksi rasa.\r\n3. Siapkan satu lembar nori dan tambahkan nasi diatasnya.\r\n4. Ratakan nasi sampai ketebalannya kira-kira 0,5 cm. Usahakan nasi tidak menutupi seluruh permukaan \r\n    nori, agar mudah saat menggulungnya.\r\n5. Tambahkan dan susun sosis, telur dadar, stik kentang, wortel dan bahan isian lainnya di atas nasi.\r\n6. Gulung dan tekan agar padat. Potong sesuai selera.\r\n7. Sajikan dengan kecap asin, mayones dan wasabi.', '2023-05-09 17:41:39', '2023-05-09 17:41:39'),
(41, 1, 7, 'post-pictures/mROtq16oR1gEJEwpgDGlFSXJh8o2iLvIiLfXUMCR.jpg', 'Soto ayam koya', 'soto-ayam-koya', '1 ekor ayam kampung tanpa jeroan, bersihkan\r\n3 batang serai yang dimemarkan\r\n5 lembar daun salam\r\n3 batang daun bawang segar, potong-potong 1 cm\r\n1 ruas jari lengkuas, memarkan\r\n5 lembar daun jeruk\r\n1 sendok makan gula pasir\r\n3,5 liter air bersih\r\ngaram secukupnya\r\nminyak goreng secukupnya untuk menumis\r\n\r\nBumbu Halus:\r\n10 siung bawang putih\r\n6 butir bawang merah\r\n4 butir kemiri\r\n3 ruas jari kunyit yang sudah dibakar\r\n1 sendok teh ketumbar\r\n2 ruas jari jahe\r\n1 sendok teh merica\r\n\r\nBahan Pelengkap:\r\n6 butir telur ayam rebus, belah 4\r\n200 gram soun, rendam dengan air panas\r\ndaun seledri secukupnya, rajang halus\r\n250 gram tauge, rebus\r\nkol secukupnya, rajang kasar\r\njeruk nipis secukupnya\r\nbawang merah goreng secukupnya\r\n\r\nBahan Koya:\r\n8 buah kerupuk udang yang sudah digoreng\r\n6 siung bawang putih ukuran sedang\r\n\r\nBahan Sambal:\r\n100 gram cabai rawit\r\ngaram secukupnya\r\n1 siung bawang putih', '1. Rebus ayam dengan 3,5 liter sampai matang, kemudian buang busa yang mengambang di \r\n    permukaan. Setelah ayam matang, angkat dari kaldu dan sisihkan.\r\n2. Panaskan minyak goreng secukupnya, kemudian tumis bumbu halus sampai harum dan berubah \r\n    warna. Masukkan daun salam, batang serai, lengkuas. Aduk-aduk hingga harum.\r\n3. Tuangkan bumbu halus yang sudah ditumis ke dalam kaldu rebusan ayam. Bumbui dengan garam \r\n   dan gula pasir, lalu masak kembali sampai mendidih. Terakhir masukkan daun bawang dan angkat \r\n   dari kompor.\r\n4. Iris atau suwir-suwir daging ayam kampung dan sisihkan. Masukkan kembali tulangnya ke dalam \r\n    kuah soto.\r\n5. Selanjutnya kita akan membuat koya. Goreng kerupuk udang dan bawang putih sampai matang. \r\n    Kemudian haluskan keduanya hingga membentuk bubuk.\r\n6. Selanjutnya kita akan membuat sambal. Rebus bawang putih dan cabai rawit, kemudian haluskan. \r\n    Bisa juga ditambahkan sedikit air perasan jeruk nipis.\r\n7. Siapkan bahan-bahan pelengkap soto, yaitu, soun, tauge, kol, telur, dan daging ayam suwir. Tuangi \r\n    kuah soto, kemudian taburi seledri, bawang goreng, dan koya.', '2023-05-09 17:51:59', '2023-05-09 17:51:59'),
(42, 2, 7, 'post-pictures/WwPrybNS6zufxDyyixi5qgzTAwfEjJxWi3TCUIMZ.jpg', 'Samosa (India)', 'samosa-india', '- 20 lembar kulit lumpia besar\r\n- 150 gr daging dada ayam, cincang kecil\r\n- 1 sdt garam\r\n- 1 siung bawang putih, cincang halus\r\n- 1/2 buah bawang bombay, cincang dadu kecil\r\n- 1/2 sdt gula\r\n- 1/2 sdt merica\r\n- 2 butir telur\r\n- Air secukupnya', '1. Tumis bawang bombay dan bawang putih hingga harum. Masukkan ayam dan tumis hingga berubah \r\n    warna.\r\n2. Masukkan garam, gula dan merica, tumis hingga matang. Kocok lepas 1 butir telur, tuang dan orak- \r\n    arik hingga matang.\r\n3. Tuang air kurang lebih 100 ml, masukkan tepung terigu dan masak hingga kuah habis dan \r\n    mengental.\r\n4. Ambil kulit lumpia, isi dengan ayam, lipat segitiga, rekatkan dengan telur. Goreng hingga \r\n   kecokelatan dan renyah.', '2023-05-09 17:54:54', '2023-05-09 17:54:54'),
(43, 1, 4, 'post-pictures/nquhbYyB0hafsaKFVyavrL8GOcp5Vmp5XERkpxet.jpg', 'Babi kecap bumbu lima rempah', 'babi-kecap-bumbu-lima-rempah', '350 g daging perut babi\r\n2 siung bawang putih, cincang halus\r\n4 butir bawang merah, cincang halus\r\n2 cm jahe, parut halus\r\n1 sdm bumbu ngo hiong/bumbu lima rempah\r\n2 buah pekak\r\n3 sdm saus tiram\r\n3 sdm kecap asin\r\n3 sdm kecap manis\r\n1/2 sdt garam\r\n400 ml air', '1. Bersihkan daging perut babi, potong-potong melintang 1,5 cm.\r\n2. Panaskan sedikit minyak dalam wajan, tumis bawang putih cincang dan bawang merah sampai \r\n    harum.\r\n3. Tambahkan potongan daging, masak selama satu atau dua menit sampai agak kering.\r\n4. Tambahkan semua bumbu, aduk rata.\r\n5. Pindahkan bahan ke dalam panci, tuangkan air hingga menutupi bahan.\r\n6. Setelah mendidih, didihkan dengan api kecil selama kurang lebih 50 menit hingga daging empuk dan \r\n    berwarna.\r\n7. Angkat, babi kecap bumbu 5 rempah siap disajikan.', '2023-05-09 18:03:50', '2023-05-09 18:03:50'),
(44, 1, 4, 'post-pictures/LZZXJIKkrVM4PdnlcO3beq6y7Vg50J5DtJ0r0Tb1.jpg', 'Dendeng Balado Basah', 'dendeng-balado-basah', '1 kg daging has dalam, cuci bersih\r\n3 siung bawang putih, memarkan\r\n3 buah pekak\r\n1 sdt merica putih bubuk\r\n1 sdm Royco Kaldu Sapi air\r\n3 butir bawang merah\r\n3 siung bawang putih\r\n1 sdt ketumbar\r\n1 sdm air asam\r\n1 sdt merica putih bubuk\r\n1 sdt garam\r\n1 sdt gula\r\n10 buah cabai, potong kasar\r\n8 butir bawang merah\r\n1 buah tomat\r\n1 sdm air asam', '1. Rebus air sampai mendidih, kemudian masukkan bumbu-bumbu. Tambahkan daging dan rebus \r\n    sampai empuk.\r\n2. Tiriskan daging dan iris mengikuti serat daging. Pukul-pukul ringan dengan menggunakan pemukul \r\n    daging.\r\n3. Giling halus bumbu perendam. Tambahkan air, Royco Kaldu Sapi, dan gula secukupnya. Aduk hingga \r\n    bumbu larut.\r\n4. Rendam potongan daging sekitar 1 jam.\r\n5. Panaskan minyak, goreng daging dengan api sedang sampai kehitaman tapi tidak hangus. Angkat \r\n    dan tiriskan.\r\n6. Siapkan lado. Kukus cabai, bawang, dan tomat sampai lunak sekitar 10 menit.\r\n7. Giling kasar, beri garam, gula, dan air asam.\r\n8. Tumis sebentar dengan minyak kelapa, kemudian angkat.\r\n9. Sajikan dendeng balado dan sirami dengan lado. Nikmati bersama nasi putih.', '2023-05-09 18:07:00', '2023-05-09 18:07:00'),
(45, 1, 4, 'post-pictures/tROadcXIMUD5AMrO8YLveXSnhI8bqk7S62UBnlnE.jpg', 'Ikan Bakar Makassar', 'ikan-bakar-makassar', '1 ekor ikan laut (ikan lamuru, kudu-kudu, kakap, kuwe)\r\n3 sdm Bango Kecap Manis\r\n2 sdm margarin, untuk menumis\r\n10 butir bawang merah, goreng, tumbuk\r\n2 sdm Bango Kecap Manis\r\n1 sdt asam jawa, larutkan dengan 1 sdm air panas\r\n1 sdt garam\r\n½ sdt gula pasir\r\n½ sdt merica putih bubuk\r\n8 butir bawang merah, cincang\r\n3 buah belimbing wuluh, iris\r\n1 sdt air jeruk nipis\r\n10 buah cabai rawit merah, cincang halus\r\n1 buah tomat merah, cincang\r\n2 sdt gula pasir\r\n1 sdt garam', '1. Panaskan margarin, tumis bumbu hingga harum. Tambahkan Bango Kecap Manis, aduk. Angkat.\r\n2. Lumuri ikan dengan bumbu hingga merata. Diamkan dalam kulkas selama 45 menit. Sisihkan. ​\r\n3. Sambal belimbing: Aduk rata bawang merah, belimbing wuluh, dan cuka. Diamkan selama 15 menit. \r\n4. Aduk rata bersama sisa bahan. Sisihkan. \r\n5. Panaskan grill pan, panggang ikan di kedua sisinya hingga merata. Angkat. Sajikan bersama sambal. ', '2023-05-09 18:12:01', '2023-05-09 18:12:01'),
(46, 2, 1, 'post-pictures/DH3wZGmhjbR9LmO4MHhAU5V7LloFuUeyxJsrRucc.jpg', 'Ramen (Jepang)', 'ramen-jepang', '- 100 gram mie ramen\r\n- 1 buah telur, iris jadi dua bagian\r\n- 150 gram udang kupas\r\n- 5 iris daging yang sudah direbus dengan kaldu ayam dan bumbu garam\r\n- Air secukupnya\r\n- Daun sawi hijau secukupnya, potong sesuai selera\r\n- Kacang polong secukupnya\r\n- Minyak goreng untuk menumis\r\n\r\nBumbu-bumbu:\r\n- 3 siung bawang putih, cincang halus\r\n- 1 sdm kecap ikan\r\n- Kaldu ayam bubuk, secukupnya\r\n- 1 batang daun bawang, iris serong\r\n- 1 sdm tepung sagu yang dilarutkan dalam 1 sdm air\r\n- 1/2 buah bawang bombay, iris halus\r\n- 1/2 sdt garam\r\n- 1/2 sdt gula\r\n- 1/4 sdt merica bubuk', '1. Rebus mie ramen hingga matang menggunakan air kaldu ayam lalu tiriskan dan sisihkan sebentar.\r\n2. Panaskan minyak, tumis bawang putih dan bawang bombay hingga harum.\r\n3. Tambahkan daun sawi, kacang polong dan bumbu halus ke dalamnya. Masukkan air dan didihkan.\r\n4. Masukkan mie dan masak hingga kembali mendidih.\r\n5. Tambahkan tepung sagu yang sudah dilarutkan ke dalam mie ramen dan masak hingga meletup- \r\n    letup.\r\n6. Sajikan dengan irisan daging dan telur di atasnya.', '2023-05-09 18:15:29', '2023-05-09 18:15:29'),
(47, 1, 1, 'post-pictures/IN99SyXQ6zrNrbgTWx40SFWWqRCc8vV2GOABMkrp.jpg', 'Oseng Kambing Bumbu Rica', 'oseng-kambing-bumbu-rica', '400g daging kambing muda\r\n2L air, untuk merebus\r\n3 cm jahe, memarkan\r\n1 batang kayu manis\r\n3 lembar daun jeruk, buang tulang daun\r\n1 sdm asam jawa, larutkan dengan 2 sdm air panas\r\n3 sdm Bango Kecap Manis\r\n½ sdtRoyco Kaldu Sapi\r\n100 ml air\r\n1 buah paprika hijau, iris memanjang\r\n150g kol, potong kasar\r\n3 sdm minyak, untuk menumis\r\n7 buah cabai merah keriting\r\n5 butir bawang merah\r\n3 siung bawang putih\r\n2 cm kunyit\r\n1 cm jahe\r\n1 sdt garam', '1. Rebus daging kambing bersama jahe dan kayu manis hingga empuk. Angkat. Potong-potong kotak. \r\n    Sisihkan.\r\n2. Panaskan minyak, tumis bumbu halus dan daun jeruk hingga harum. Masukkan daging kambing, air \r\n    asam jawa, Royco Kaldu Sapi, dan Bango Kecap Manis.\r\n3. Tuang air, aduk rata. Masak hingga air menyusut dan meresap.\r\n4. Tambahkan paprika dan kol, aduk hingga layu. Angkat. Sajikan.', '2023-05-09 18:19:46', '2023-05-09 18:19:46'),
(48, 2, 2, 'post-pictures/Arl57jLH2PiBINJEPXzsLBd0jpZnDLXk5ylzLeB0.jpg', 'Tteokbokki (Korea)', 'tteokbokki-korea', '- 250 gram tepung beras\r\n- 3 sdm tepung tapioka\r\n- 2 sdm minyak goreng\r\n- 2 sdt garam\r\n- 250 ml air\r\n\r\nBahan saus:\r\n- 1 batang daun bawang, iris\r\n- 1 buah bawang bombay, iris\r\n- 1 sachet boncabe level 30\r\n- 1 sdt merica\r\n- 1,5 gelas belimbing air\r\n- 1,5 sdm tepung maizena, larutkan dengan sedikit air\r\n- 6 sdm saus sambal\r\n- 7 cabai rawit, uleg\r\n- Garam dan gula secukupnya', '1. Campur semua bahan kue beras kecuali minyak dan aduk sampai rata.\r\n2. Masak di atas api kecil sampai kalis.\r\n3. Dinginkan adonan lalu masukkan minyak goreng dan uleni.\r\n4. Bentuk adonan seperti sosis dan rebus di air mendidih sampai mengambang. Angkat dan potong sesuai selera.\r\n5. Tumis bawang bombay sampai harum, masukkan semua bahan saus kecuali larutan maizena dan daun bawang.\r\n6. Masak sampai mendidih dan masukkan irisan kue beras.\r\n7. Masukkan larutan maizena jika sudah mendidih.\r\n8. Tambahkan daun bawang dan aduk rata, masak sebentar dan sajikan.', '2023-05-09 18:27:34', '2023-05-09 18:27:34'),
(49, 1, 9, 'post-pictures/iiocJJPeER6CzQ9ZiTQDkmHLovDsuCbddY3yXSap.jpg', 'Cireng', 'cireng', '2 sdm tepung tapioka untuk bahan biang\r\n250 gram tepung tapioka untuk adonan\r\n5 siung bawang putih, haluskan\r\n1 sdt garam\r\n1 sdt kaldu bubuk\r\n400 ml air', '1. Didihkan air. Masukkan 2 sdm tepung tapioka. Aduk hingga mengental. Matikan api.\r\n2. Campur bahan biang dengan 250 gram tepung tapioka, garam, kaldu bubuk, dan bawang putih.\r\n3. Uleni adonan hingga tercampur.\r\n4. Bentuk adonan menjadi pipih. Diamkan 10 menit.\r\n5. Panaskan minyak dengan api kecil. Goreng cireng hingga matang. Angkat dan tiriskan.', '2023-05-09 18:33:25', '2023-05-09 18:33:25'),
(50, 2, 6, 'post-pictures/s4QJbsSN2BvOzM9Vaz6RYJjEgFi3eYyVJeLT33zw.jpg', 'Sundubu Jjiggae (Korean Soft Tofu Stew) (Korea)', 'sundubu-jjiggae-korean-soft-tofu-stew-korea', '1 pack tahu halus\r\n2 sdm daging cincang (boleh ayam atau sapi)\r\n1 butir telur\r\n1 buah daun bawang, potong kecil2\r\n150 ml air\r\n\r\nBumbu:\r\n1 sdm minyak goreng\r\n1 sdm minyak wijen\r\n1 buah daun bawang besar, potong kecil2\r\n1/2 potong bawang bombay, cincang halus\r\n4 siung bawang putih, cincang halus\r\n1/2 sdm gula\r\n1/2 sdt garam\r\n2 sdm bubuk cabe korea\r\n2 sdt kecap asin', '1. Tuang 1 sendok makan minyak goreng & minyak wijen kedalam panci. Nyalakan api sedang\r\n2. Masukan daun bawang besar yang sudah dipotong, tumis hingga harum.\r\n3. Masukan 2 sendok makan daging cincang, tumis hingga matang.\r\n4. Masukan bawang bombay cincang, tumis hingga bawang bombay kecoklatan\r\n5. Masukan bawang putih, gula, garam, bubuk cabe dan kecap asin. Aduk hingga rata.\r\n6. Tambahkan 150ml air. Aduk rata dan koreksi rasa pada step ini.\r\n7. Masukan tahu halus. (Tahunya ngga perlu dipotong, karena nanti akan dipotong dengan sendok, tapi \r\n    kalau mau kelihatan cantik kalian bisa potong dulu, baru dimasukan).\r\n8. Potong2 tahu dengan sendok, tapi jangan terlalu keras supaya tidak hancur semua.\r\n9. Saat kuah mulai mendidih, masukan telur, dan daun bawang yang sudah diiris halus. Tutup panci, \r\n    biarkan 1-2 menit. Kalian bisa tambahkan air, jika air mulai berkurang / ingin lebih banyak kuah.', '2023-05-09 18:47:57', '2023-05-09 18:47:57'),
(51, 1, 6, 'post-pictures/HTLObUnTYVscMJ0M4r2cDRPjQ4Ck7EJ4QvhHfoHV.jpg', 'Piscok', 'piscok', '4 buah pisang kematangan\r\n2 sdm margarin\r\n1 sdm gula pasir\r\nRemahan crackers\r\nSecukupnya meses coklat\r\nSecukupnya kulit lumpia\r\nTepung terigu + air untuk perekat', '1. Di dalam pan, campurkan pisang, gula dan margarin lalu aduk hingga merata dan pisang hancur. \r\n    Tambahkan remahan crackers sampai adonan pisang menjadi agak padat\r\n2. Siapkan kulit lumpia, lalu beri adonan pisang + meses. Lipat sesuai selera masing2. Rekatkan dengan \r\n    larutan tepung terigu. Ini saya mencoba beberapa bentuk sambil belajar. Hehe..\r\n3. Goreng dalam minyak panas hingga matang. Tiriskan dengan posisi berdiri agar minyak mudah \r\n    turun.\r\n4. Sajikan dan nikmati selagi hangat', '2023-05-09 18:50:28', '2023-05-09 18:50:28'),
(52, 2, 7, 'post-pictures/lJwzJJMhonqVoXK1FJpi3ejZg8VWTwhSDzmMaTEn.jpg', 'French toast (Perancis)', 'french-toast-perancis', '- 2 butir telur ayam\r\n- 2 sdm gula pasir\r\n- 2 sdm susu cair\r\n- 4 lembar roti tawar\r\n- minyak atau mentega secukupnya', '1. Kocok lepas telur, gula, dan susu di mangkuk.\r\n2. Celupkan roti ke adonan telur hingga kedua sisinya terendam.\r\n3. Olesi wajan teflon dengan minyak atau mentega.\r\n4. Panggang roti hingga matang di kedua sisinya.', '2023-05-09 19:02:46', '2023-05-09 19:02:46'),
(53, 2, 1, 'post-pictures/OquRFEpvB61T5CSrovOefRZqn6EEtuan1OlFtsPZ.jpg', 'Beef Steak (Spanyol)', 'beef-steak-spanyol', '- 400 gr daging untuk steak\r\n- 1 sdm margarin\r\n- 1/2 sdt garam\r\n- 1/2 sdt lada hitam\r\n\r\nBahan saus:\r\n- 1 sdm margarin\r\n- 1 siung bawang bombay, potong-potong\r\n- 1/2 sdt penyedap rasa\r\n- 2 sdm saus barbeque\r\n- 2 sdm tepung terigu\r\n- 2 siung bawang putih, cincang\r\n- Air secukupnya\r\n- Garam dan gula secukupnya', '1. Lumuri daging dengan bumbu garam dan lada hitam. Biarkan kurang lebih 10 menit. Panaskan teflon \r\n    dan margarin, panggang daging sambil dibolak-balik hingga daging matang.\r\n2. Panaskan margarin, tumis bawang putih dan bawang bombay hingga harum dan layu. Masukkan \r\n    garam, gula dan saus barbeque.\r\n3. Tumis sebentar, tuang air dan masak hingga mendidih dan bawang matang. Masukkan tepung terigu \r\n    dan masak hingga mengental.', '2023-05-09 19:13:22', '2023-05-09 19:13:22'),
(54, 2, 1, 'post-pictures/3il3AAgfuviRgsUxohobRE47BlEtxb3fAZ6ZwfA0.jpg', 'Chicken cordon bleu (Perancis)', 'chicken-cordon-bleu-perancis', '- 1 buah dada ayam\r\n- Buah daging asap\r\n- 1 butir telur\r\n- Garam secukupnya\r\n- Lada secukupnya\r\n- Potato flake, bisa diganti tepung panir\r\n- Tepung bumbu serbaguna\r\n- Slice mozarella atau kraft quick melt', '1. Belah dua dada ayam, kemudian iris tipis dada ayam membelah dua tapi jangan sampai putus\r\n2. Pipihkan dengan pemukul daging, kalau tidak ada bisa pakai ulekan, pelan-pelan memukulnya \r\n    supaya daging tidak hancur\r\n3. Taburi garam dan lada secukupnya secara merata\r\n4. Taruh daging asap di atas dada ayam, lalu keju kemudian gulung. Sematkan tusuk gigi supaya \r\n    gulungannya tidak terbuka\r\n5. Balur dengan tepung bumbu serba guna secara merata\r\n6. Celupkan ke dalam telur yang sudah dikocok secara merata, kemudian balur dengan potato flake \r\n    atau tepung panir secara merata\r\n7. Simpan ayam ke dalam kulkas minimal 1 jam\r\n8. Goreng ayam menggunakan teknik deep fried atau dengan minyak banyak, pastikan minyak sudah \r\n    panas dan menggunakan api kecil, goreng sampai berwarna cokelat keemasan\r\n9. Chicken cordon bleu siap disajikan.', '2023-05-09 19:14:52', '2023-05-09 19:14:52'),
(55, 1, 2, 'post-pictures/bV88ANPnMKkTH3LPQNj1voF7zS5BmLFgxZx2e6AA.jpg', 'Rujak uleg', 'rujak-uleg', '100 gram kecambah\r\n1 ikat kangkung\r\nBuah-buahan segar\r\n1/4 tahu goreng\r\nPetis secukupnya\r\nGaram secukupnya\r\nBawang putih goreng\r\nTerasi secukupnya\r\nAir hangat secukupnya\r\n50 gram kacang goreng\r\nCabai rawit sesuai selera\r\nGula dapur secukupnya', '1. Potong buah-buahan segar sesuai selera dan letakkan di piring.\r\n2. Rebus kecambah dan kangkung lalu tiriskan.\r\n3. Langkah pertama yg diuleg adalah kacang goreng,garam secukupnya,cabe rawit, bawang putih \r\n    goreng.\r\n4. Tambahkan terasi, petis, dan gula putih sedikit lalu haluskan kembali hingga rata dengan \r\n    menambahkan air agak memudahkan menguleg.\r\n5. Ketika sudah rata bisa menyiapkan potongan tahu dan buah2an segar lalu tambahkan rebusan \r\n    cambah dan kangkung aduk lembali hingga rata dan siap untuk disajikan.', '2023-05-11 06:28:55', '2023-05-11 06:28:55'),
(56, 1, 3, 'post-pictures/go2MDcnBMhEsIpQGiw6X3mAb8jBlna0tLNFrnpiI.jpg', 'Soto Kudus gurih segar', 'soto-kudus-gurih-segar', '1 buah ayam (ukuran 600 gr)\r\n2 L air untuk merebus\r\n2 cm lengkuas, geprek\r\n1 batang serai, geprek\r\n2 lembar Daun salam\r\n2 lembar daun jeruk\r\n0.5 sdt Maggi Magic Lezat Ayam\r\n2 batang seledri, ikat\r\n8 siung bawang putih, untuk bumbu halus\r\n6 siung bawang merah, untuk bumbu halus\r\n3 buah kemiri, untuk bumbu halus\r\n2 cm jahe, untuk bumbu halus\r\n1 sdt jinten, untuk bumbu halus\r\n1 sdt merica, untuk bumbu halus\r\n1 sdt ketumbar, sangrai, untuk bumbu halus\r\n1.5 sdt Maggi Magic Lezat, untuk bumbu halus\r\n1 sdt gula pasir, untuk bumbu halus\r\n4 buah telur rebus, potong 4, untuk bahan\r\npelengkap\r\n100 gr tauge, direbus dalam air mendidih\r\nselama 30 detik agar tidak terlalu layu, untuk\r\nbahan pelengkap\r\n1 batang daun seledri, iris halus, untuk bahan\r\npelengkap\r\n1 siung bawang putih', '1. Rebus ayam dalam 1 liter air mendidih selama 5 menit untuk membersihkan kotoran dan bau amis \r\n    ayam, kemudian tiriskan.\r\n2. Rebus kembali ayam menggunakan air baru. Masukkan lengkuas, serai, ½ sdt Maggi Magic Lezat \r\n    Ayam, masak hingga ayam matang. Tiriskan ayam, (jika suka digoreng dulu) kemudian suwir-suwir. \r\n    Sisihkan.\r\n3. Saring air kaldu ayam agar warna kaldunya tidak butek. Sisihkan.\r\n4. Haluskan bawang putih, bawang merah, jintan, ketumbar, kemiri, jahe, 1 ½ sdt Maggi Magic Lezat,\r\n   merica, gula, dan sedikit air.\r\n5. Tumis bumbu halus dengan daun salam dan daun jeruk, kemudian masukkan ke kaldu ayam. \r\n    Masukkan daun seledri yang diikat, masak hingga mendidih.\r\n6. Susun tauge, suwiran ayam, dan telur rebus di mangkuk, kemudian tuangkan kuah soto. Taburkan \r\n    seledri dan bawang putih goreng', '2023-05-11 06:33:45', '2023-05-11 06:33:45'),
(57, 1, 7, 'post-pictures/SpKRNPaBbgpp4ynNq0YmmVxFcy6dOk3hiylnT2yz.jpg', 'Sop ayam makaroni', 'sop-ayam-makaroni', '½ ekor ayam kampung, potong 4 bagian\r\n1,5 liter air\r\n1 batang daun bawang, potong 3 bagian\r\n1 batang seledri, ikat\r\n2 sdm mentega\r\n20 g bawang bombay, iris kasar\r\n1 siung bawang putih, memarkan\r\n100 g wortel, potong kasar\r\n1 buah kentang sedang, kupas, potong kasar\r\n50 g elbow macaroni, rebus\r\n½ sdt merica bubuk\r\n½ sdt pala bubuk\r\n1 sdm kaldu jamur\r\n2 sdt garam\r\n\r\nTaburan:\r\ndaun bawang, iris kasar\r\ndaun selederi, iris kasar', '1. Cuci potongan ayam hingga bersih lalu tiriskan.\r\n2. Didihkan air daun bawang dan seledri. Masukkan potongan ayam.\r\n3. Masak dengan api kecil hingga ayam empuk dan kuahnya bening.\r\n4. Angkat ayam, suwir kasar daging ayam rebus.\r\n5. Lelehkan mentega, tumus bawang bombay dan bawang putih hingga wangi. Angkat.\r\n6. Masukkan ke dalam kaldu, tambahkan suwiran ayam.\r\n7. Tambahkan wortel, kentang lalu bumbui dengan kaldu jamur, pala, merica dan garam.\r\n8. Masak dengan api kecil hingga sayuran lunak.\r\n9. Tambahkan makaroni lalu angkat dan sajikan hangat.', '2023-05-11 06:37:28', '2023-05-11 06:37:28'),
(58, 1, 9, 'post-pictures/3thmdSV97QKGjDI7c304p3ApTrEg5ylKtjiCLJnF.jpg', 'Sate Ayam', 'sate-ayam', '500 gram daging dada ayam fillet, potong kecil-kecil sekitar 1 cm\r\n1 buah jeruk nipis, peras airnya\r\n3 siung bawang putih, haluskan\r\n½ sendok teh lada bubuk\r\n2 sendok makan kecap manis\r\n2 sendok makan margarin\r\nBahan untuk saus kacang:\r\n150 gram kacang tanah, goreng lalu haluskan dengan food processor atau cobek.\r\n3 lembar daun jeruk, sobek-sobek - 3 lembar\r\n3 sendok makan kecap manis\r\n1 sendok makan gula merah, rajang halus\r\n1 sendok teh garam\r\n1 sendok teh gula pasir\r\n500 ml air\r\n1 sendok makan margarin\r\n\r\nBumbu untuk dihaluskan:\r\n6 siung bawang merah\r\n3 siung bawang putih\r\n3 buah kemiri, sangrai terlebih dahulu\r\n5 buah cabai merah keriting\r\n\r\nBahan pelengkap:\r\nBawang merah goreng\r\nCabai rawit merah, iris tipis\r\nLontong', 'Campurkan daging dada ayam yang telah dipotong dengan perasan jeruk nipis, bawang putih yang telah dihaluskan dan lada bubuk. Aduk merata dan diamkan di dalam kulkas selama semalaman atau minimal 1 jam.\r\nPanaskan 1 sendok makan margarin di wajan hingga mencair kemudian tumis bumbu saus kacang yang telah dihaluskan bersama daun jeruk hingga harum.\r\nKemudian masukkan kacang tanah yang telah halus, gula merah, garam, gula pasir, dan air.\r\nMasak hingga air mendidih, kemudian tambahkan kecap manis, kecilkan api dan masak terus hingga saus kacang mengental dan mulai mengeluarkan minyak. Matikan api, tiriskan.\r\nTusuk potongan daging ayam menggunakan tusuk sate sesuai selera dan olesi dengan olesan yang dibuat dari menggunakan 3 sendok makan saus kacang yang telah dibuat dengan 2 sendok makan kecap dan 2 sendok makan margarin.\r\nPanggang sate ayam menggunakan teflon yang lebar atau jika Anda memiliki pemanggang juga bisa menggunakan pemanggang.\r\nBolak-balik sate Ayam sambil sesekali diolesi bumbu olesan hingga Sate Ayam matang.\r\nSajikan Sate Ayam bersama potongan lontong kemudian sirami dengan saus kacang secukupnya dan taburi dengan bawang merah goreng. Sate Ayam Bumbu Kacang siap untuk disantap. Jika Anda suka rasa pedas, tambahkan juga potongan cabai rawit merah sesuai selera.', '2023-05-11 06:41:35', '2023-05-11 06:41:35'),
(59, 1, 2, 'post-pictures/muvFlJ2UPFTmPX206BKWOJXtcNmTGfl0Ao8JauBf.jpg', 'Tahu campur', 'tahu-campur', '3 buah tahu putih besar\r\n500 g mie kuning\r\n100 g tauge, seduh hingga layu\r\n4 buah lontong, potong-potong\r\nKuah:\r\n500 g daging sandung lamur sapi, potong-potong\r\n2 liter air\r\n30 g gula merah\r\n4 sdm kecap manis\r\n1 cm lengkuas\r\n2 lembar daun jeruk\r\n1 batang serai, memarkan\r\nHaluskan:\r\n3 siung bawang putih\r\n5 butir bawang merah\r\n2 cm kunyit\r\n1/2 sdt merica butiran\r\n1/2 sdt jinten\r\n1 sdm garam\r\nSambal Petis:\r\n10 buah cabe rawit hijau\r\n5 sdm petis udang\r\n1/2 sdt garam\r\n250 ml air hangat\r\n\r\nPelengkap:\r\nbawang merah goreng\r\nlento\r\nkerupuk udang/kanji', 'Kuah: Rebus daging sandung lamur dalam air hingga daging empuk.\r\nTumis bumbu halus hingga wangi dan matang.\r\nTambahkan lengkuas, serai dan daun jeruk. Aduk hingga layu.\r\nAngkat, masukkan ke dalam rebusan daging, tambahkan gula merah dan kecap. Jika perlu tambahkan air.\r\nMasak hingga mendidih dan bumbu meresap. Angkat.\r\nGoreng tahu hingga setengah kering, potong-potong.\r\nPenyajian: Taruh selada di piring, beri potongan lontong, mie kuning dan tauge.\r\nTuangi kuah berikut potongan dagingnya.\r\nTaburi bawang merah goreng. Sajikan dengan Sambal Petis dan kerupuk.', '2023-05-11 06:43:34', '2023-05-11 06:43:34'),
(60, 1, 3, 'post-pictures/FuA1WYtKQafJCWswPOeO56NtzLQoyvqaM9Mgmbn1.jpg', 'Asem pedas ikan patin Riau', 'asem-pedas-ikan-patin-riau', '1 ekor ikan Patin ukuran sedang\r\n11 buah Cabe Keriting\r\n7 buah cabe rawit\r\n8 siung bawang merah\r\n5 siung bawang putih\r\n5 cm kunyit\r\n2 cm jahe\r\n1 ruas Lengkuas\r\n1 lembar Daun Kunyit\r\n2 buah Serai\r\n1 bungkus Terasi ABC\r\n1 batang Kecombrang\r\n1 buah Belimbing Wuluh\r\n1 buah Asam Kandis', 'Bersihkan Ikan kemudian lumuri dengan Jeruk Nipis dan Garam.\r\nHaluskan Cabe Bawang Merah Bawang Putih Kunyit Jahe setelah halus tambahkan terasi.\r\nTumis bumbu halus bersama daun kunyit serai dan lengkuas sampai harum.\r\nKemudian tambahkan air matang sekitar 300 ml (sesuaikan dgn selera) biarkan sampai mendidih masukan asam kandis yg sudah dibersihkan.\r\nMasukan kecombrang yg telah dibelah dua belimbing wuluh dan cabe rawit utuh.\r\nTerakhir masukan Ikan tambahkan garam dan sedikit gula (optional).\r\nSajikan.', '2023-05-11 06:46:14', '2023-05-11 06:46:14'),
(61, 1, 7, 'post-pictures/trqOh8FXwNoLPzpry3svam6z9lGGrkjbFVwgQ3xc.jpg', 'Nasi goreng Jawa', 'nasi-goreng-jawa', '2 piring nasi putih\r\n6 siung bawang merah\r\n4 siung bawang putih\r\n4 butir telur ayam\r\n2 buah kemiri\r\n2 potongan kecil tomat\r\ndaging ayam rebus secukupnya\r\nterasi bakar secukupnya\r\ncabai secukupnya\r\ntaoge secukupnya\r\ngaram secukupnya\r\ngula secukupnya\r\nlada secukupnya\r\nkecap manis secukupnya\r\nkecap asin secukupnya', '1. Haluskan bumbu-bumbu terlebih dahulu, Siapkan cobek dan ulekan, lalu masukkan bawang merah, \r\n    putih, kemiri, cabai, dan tomat. Haluskan semua bahan dengan ulekan. Saat sudah halus, campurkan \r\n    semua bahan tersebut dengan terasi. Aduk sampai benar-benar merata.\r\n2. Panaskan wajan, lalu masukkan bumbu halus dan bahan lainnya. Siapkan wajan yang sudah diberi \r\n    minyak, lalu panaskan. Masukkan telur yang telah dikocok ke dalam wajan dan orak-arik. Setelah itu, \r\n    tambahkan bumbu halus dan tumis sampai mengeluarkan bau yang harum. Barulah masukkan ayam \r\n    dan nasi ke dalamnya. Aduk sampai merata.\r\n3. Tambahkan kecap, lada, garam, dan gula, sesuai selera. Cicipi terlebih dahulu biar pas rasanya. \r\n    Masukkan daun bawang.', '2023-05-11 06:50:27', '2023-05-11 06:50:27'),
(62, 1, 1, 'post-pictures/bcShoA3fpdBiJL0thtQ2fv5OxTnIMRm1AfgoD1n7.jpg', 'Rendang daging sapi', 'rendang-daging-sapi', 'Daging sapi lulur atau has dalam sebanyak 500 gram, potong melebar\r\nDaun kunyit sebanyak 2 lembar\r\nDaun jeruk sebanyak 2 lembar\r\nSerai sebanyak 2 batang, ambil bagian putihnya dan  memarkan\r\nPekak sebanyak 1 buah\r\nKelapa parut sangrai sebanyak  2 sendok makan\r\nSantan sebanyak 1,5 liter,  dari 2 butir kelapa\r\nMinyak goreng secukupnya\r\n\r\nBumbu halus:\r\nBawang merah sebanyak 10 butir\r\nBawang putih sebanyak 6 siung\r\nCabai merah sebanyak 150 gram\r\nCabai rawit sesuai selera\r\nKemiri sebanyak 5 butir, sangrai\r\nJinten sebanyak ½ sdt\r\nKetumbar sebanyak 1 sdt\r\nKunyit sebanyak ½ cm\r\nJahe sebanyak 1 cm\r\nGaram secukupnya', 'Pertama siapkan wajan yang bersih kemudian tuang sedikit minyak. Panaskan dengan api sedang.\r\nMasukan bumbu halus kemudian aduk-aduk. Tambahkan juga rempah-rempah seperti daun kunyit, daun jeruk, serai dan pekak.  Tumis hingga bumbu menjadi harum dan matang.\r\nTambahkan daging ke dalamnya, aduk-aduk kembali dan masak hingga daging berubah warna.\r\nTuangkan santan serta kelapa sangrai, terus masak dengan api sedang sampai rendang mendidih. Jangan lupa sesekali diaduk agar santan tidak pecah dan cicipi rasa agar sesuai selera.  Anda bisa menambahkan garam atau gula bila perlu.\r\nJika sudah mendidih, kecilkan api dan terus masak sampai kuah menyusut dan agak kental. Rendang daging yang matang ditandai dengan kuah yang berwarna cokelat dan kuah tampak berminyak.  Angkat dan rendang daging siap disajikan.', '2023-05-11 06:53:46', '2023-05-11 06:53:46'),
(63, 1, 1, 'post-pictures/JooOhlQc473QAWY84lv1UD7p3J7oiO32ix1qUCEZ.jpg', 'Ayam bakar kecap', 'ayam-bakar-kecap', 'Bahan marinasi ayam:\r\n2 ekor ayam,potong 4 bagian\r\n2 buah jeruk nipis\r\n1 sdt garam\r\n1 sdt kaldu\r\n8 sdm kecap manis\r\n2 sdm asam jawa, opsional\r\n\r\nBahan bumbu halus:\r\n8 siung bawang putih\r\n10 siung bawang merah\r\n4 butir kemiri\r\n6 cm kunyit\r\n6 cm lengkuas\r\n3 buah cabai merah tanjung/8 buah cabai keriting\r\n1 sdt ketumbar sangrai\r\n1 sachet terasi\r\nMinyak secukupnya\r\n\r\nBahan lainnya:\r\n2 batang serai, potong,geprek\r\n4 lembar daun salam\r\n1 sdm margarin\r\n1/2 sdt merica\r\n1 sdt kaldu bubuk\r\n1/2 sdt garam\r\n1 sdm gula pasir\r\n4 sdm kecap manis\r\n700 ml air\r\n\r\nBahan oles:\r\nBumbu ungkepan\r\n2 sdm margarin\r\n\r\nPerlengkapan:\r\nSambal\r\nNasi', 'Masukkan garam secukupnya dan perasan jeruk nipis ke dalam ayam, aduk rata. Diamkan 5-10 menit lalu bilas,tiriskan.\r\nMasukkan kecap manis, air asam jawa,garam dan kaldu bubuk aduk rata tutup dengan plastik wrap lalu diamkan selama 3-4 jam di dalam kulkas.\r\nHaluskan bahan-bahan bumbu halus yang sudah disebutkan sebelumnya setelah itu tumis hingga setengah matang.\r\nKemudian masukkan serai, daun salam, merica dan margarin tumis hingga matang kemudian masukkan ayam, aduk rata.\r\nTambahkan air ,kecap manis, garam, kaldu dan gula pasir masak hingga meresap di api sedang selama 25 menit, tiriskan.\r\nSisihkan bumbu ungkep ke dalam mangkuk,lalu campurkan dengan margarin, aduk rata.\r\nPanaskan wajan, masukkan ayam lalu oles dengan bumbu oles, panggang hingga matang.\r\nSelain teflon bisa dipanggang di oven atau air fryer di suhu 170 derajat Celcius selama 15 menit.\r\nAyam bakar kecap siap disantap.', '2023-05-11 06:59:34', '2023-05-11 06:59:34'),
(64, 1, 3, 'post-pictures/3yDz4bMWwfqtkULuourMENzRfN871v6FA2mqbBGD.jpg', 'Sop buntut', 'sop-buntut', '1 kg buntut sapi\r\n3 liter air\r\n1 sdm mentaga\r\n1/2 butir bawang bombay, cincang kasar\r\n2 siung bawang putih, memarkan\r\n1 batang daun bawang, iris kasar\r\n3 butir cengkeh\r\n2 buah kentang, kupas, potong-potong\r\n1 buah wortel, kupas, potong-potong\r\n1 buah tomat merah, potong-potong\r\n1 sdm kaldu jamur\r\n1 sdt merica bubuk\r\n1/4 buah biji pala, parut\r\n2 sdt garam\r\n\r\nTaburan:\r\nDaun seledri cincang\r\nBawang merah goreng', '1. Potong- potong buntut sapi melintang 2 cm. Cuci bersih lalu tiriskan.\r\n2. Didihkan air dalam panci. Masukkan potongan buntut sapi. Didihkan sebentar hingga buntut berubah warna lalu angkat buntut sapi dan buang airnya.\r\n3. Didihkan kembali air dalam panci. Rebus kembali buntut sapi dengan api kecil hingga empuk. Lelehkan mentega, tumis bawang bombay dan bawang putih hingga layu.\r\n4. Masukkan daun bawang hingga cengkeh. Aduk hingga layu lalu angkat dan masukkan ke dalam rebusan buntut sapi.\r\n5. Tambahkan kentang, wortel dan bumbui denga kaldu jamur, merica, pala dan garam.\r\n6. Rebus hingga seluruh matang dan matikan api. Sajikan hangat dengan bahan Taburan.', '2023-05-11 07:04:43', '2023-05-11 07:04:43'),
(65, 1, 6, 'post-pictures/WmUzfjR8D5HOVjUwo2ONnSZeENwQuTGOEQm7VnLN.jpg', 'Semur daging kentang', 'semur-daging-kentang', '500 gram daging sapi, iris-iris\r\n2 kentang, kupas lalu potong-potong\r\n1 bawang bombai, iris-iris\r\n1 sdm kecap asin\r\nKecap manis secukupnya\r\n2 sdm margarin  garam, gula merah & kaldu bubuk\r\n\r\nBumbu Halus:\r\n7 butir bawang merah\r\n4 siung bawang putih\r\n1 sdt merica butiran\r\n1 cm jahe', '1. 1/4 pala campur daging dan bumbu halus, aduk rata, tambahkan kecap asin dan gula merah, aduk rata kembali, diamkan 30 menit.\r\n2. Panaskan margarin, masukkan bawang bombai, aduk sebentar, masukkan daging aduk sampai berubah warna.\r\n3. Aduk kembali daging, bumbui garam, kecap dan kaldu bubuk, aduk rata, masukkan kentang masak terus sampai bumbu meresap dan daging empuk, tes rasa, bila sudah pas matikan api, angkat.', '2023-05-11 07:06:57', '2023-05-11 07:06:57'),
(66, 1, 7, 'post-pictures/u4VLI4H8bJhuFwnzEqjB2QpmACmsXGzqRZr3BS2O.jpg', 'Nasi kuning', 'nasi-kuning', '1 kg beras\r\n1/4 kg beras ketan\r\n8 siung bawang merah\r\n10 siung bawang putih\r\n5 ruas jari kunyit\r\n3 ruas jari jahe\r\n5 lembar daun salam\r\n3 batang sereh, geprek\r\n4 lembar daun pandan wangi\r\n5 lembar daun jeruk\r\n600 ml air\r\n300 ml santan kental\r\nMinyak goreng untuk menumis\r\n2 sdm garam', '1. Cuci beras dan ketan hingga bersih, rendam dengan air minimal 3 jam lalu tiriskan dan sisihkan.\r\n2. Haluskan bawang merah, bawang putih, kunyit dan jahe lalu tumis dengan sedikit minyak hingga \r\n harum.\r\n3. Masukkan daun salam, sereh, pandan dan daun jeruk. Tumis lagi hingga bumbu matang.\r\n4. Tuang air, masak hingga mendidih. Beri garam lalu masukkan santan kental. Aduk hingga matang.\r\n5. Siapkan panci kukusan, kukus beras dan ketan hingga mengembang (1/2 matang), lalu pindahkan ke wadah.\r\n6. Siram beras dengan santan berbumbu tadi lalu aduk merata. Kukus lagi hingga matang.\r\n7. Siap disajikan dengan ayam goreng, perkedel dan kering tempe.', '2023-05-11 07:08:15', '2023-05-11 07:20:59'),
(67, 1, 2, 'post-pictures/NfUjQ1gBYHDhj4LVV6ARyxSkb4CTEBahJ4wR9Tqq.jpg', 'Mie goreng Aceh', 'mie-goreng-aceh', '1 kg g mie lidi/hokkian\r\n200 g udang kecil\r\n4 lembar daun kol. iris kadar\r\n1 batang daun bawang, iris kasar\r\n1 buah tomat, potong\r\n3 sdm kecap manis\r\n250 ml kaldu/air\r\n1 sdm bumbu rendang kering\r\n\r\nBumbu:\r\n5 butir bawang merah\r\n3 siung bawang putih\r\n4 cm kunyit\r\n3 buah cabe merah besar\r\n2 butir kapulaga\r\n1 sdt merica utuh\r\n1/2 sdt jintan\r\n1/4 sdt adas manis\r\n2 sdt garam\r\n\r\nPelengkap:\r\nacar timun dan bawang merah\r\nkerupuk/emping\r\nbawang merah goreng', '1. Seduh mie lidi dengan air panas lalu tiriskan.\r\n2. Tumis Bumbu Halus dengan 3 sdm minyak hingga matang dan harum..\r\n3. Masukkan udang, aduk hingga berubah warna.\r\n4. Tuangi air/kaldu, tambahkan kecap manis, bumbu rendang dan didihkan.\r\n5. Masukkan mie, kol, tomat dan daun bawang. Aduk hingga tercampur rata dan kuahnya susut lalu angkat.\r\n6. Sajikan dengan taburan bawang merah goreng, emping dan cara timun bawang merah.', '2023-05-11 07:09:39', '2023-05-11 07:09:39'),
(68, 2, 6, 'post-pictures/Ogomn6qCa1sJU6HuGG590yZuR3CT9Jxplx4meD93.jpg', 'Chicken Tacos (Meksiko)', 'chicken-tacos-meksiko', '3 sdm minyak zaitun extra virgin\r\n4 dada ayam tanpa kulit tanpa tulang, potong 1 inci\r\nGaram secukupnya\r\nLada hitam yang baru digiling\r\n2 sdt. bubuk cabai\r\n2 sdt. jintan tanah\r\n½ sdt. bubuk bawang putih\r\n¼ sdt. paprika\r\n¼ sdt. cabai rawit\r\n8 tortilla jagung, dihangatkan\r\n\r\ntopping:\r\nKrim asam\r\nIris tipis bawang merah\r\nTomat potong dadu\r\nKeju parut\r\nAlpukat potong dadu\r\nCilantro Segar\r\nIrisan jeruk nipis', 'Panaskan minyak dalam wajan besar di atas api sedang. Bumbui ayam dengan garam dan merica dan tambahkan ke wajan. Masak sampai keemasan, 6 menit. Tambahkan bumbu dan aduk sampai rata, 1 menit lagi. Jika perlu, tambahkan sedikit minyak atau air untuk membantu bumbu melapisi ayam.\r\nBuat taco: Dalam tortilla, ayam lapis dan topping yang diinginkan. Sajikan dengan potongan jeruk nipis.', '2023-05-11 07:14:33', '2023-05-11 07:14:33'),
(69, 2, 2, 'post-pictures/Q2wkLEwVlQOS55HZJPaDo3yV37Oq6hXTs4GF82eY.jpg', 'Ratatouille (Perancis)', 'ratatouille-perancis', '1 buah terong ungu\r\n3 buah tomat\r\n1 buah zukini\r\n\r\nSaus:\r\n1 buah paprika, potong dadu\r\n3 siung bawang putih, cincang\r\n1 bawang bombay, potong dadu\r\n5 tomat, potong dadu\r\n1 sdt parsley \r\n1 sdt oregano\r\nLada hitam dan garam secukupnya\r\nOlive oil secukupnya', 'Siapkan air es yang telah diberi garam secukupnya.\r\nIris tips terong, zukini, dan tomat, lalu rendam dalam air es. Sisihkan.\r\nPanaskan olive oil, tumis bawang bombay dan bawang putih sampai harum.\r\nMasukkan tomat dan paprika lalu tumis sampai aroma sedapnya tercium. Tambahkan parsley dan oregano.\r\nBumbui dengan lada hitam dan garam.\r\nMasak sampai sayuran menjadi lunak. Angkat.\r\nSiapkan pinggan tahan panas kemudian olesi olive oil pada bagian permukaannya.\r\nBeri 1-2 sdm saus ratatouille di bagian dasar pinggan, lalu letakkan irisan sayuran ke dalamnya dengan cara ditumpuk melingkar. Beri saus ratatouille di antara tumpukan sayuran serta bagian paling atasnya.\r\nTutup pinggan dengan alumunium foil dan buat lubang sebesar telunjuk di tengahnya.\r\nPanggang selama 30 menit. Keluarkan dari oven dan lepas penutup aluminium foil.\r\nPanggang kembali selama 15 menit.\r\nBubuhi dengan cincangan basil yang sudah dicampur olive oil, lada, dan garam secukupnya.', '2023-05-11 07:17:38', '2023-05-11 07:17:38'),
(70, 2, 2, 'post-pictures/4f1ZbYoWE5TXVcvzyo0mQlFEUbt0vgSaQ8sah3XG.jpg', 'Pani puri (India)', 'pani-puri-india', '1 gelas tepung semolina\r\nAir sesuai kebutuhan\r\n3 sendok makan bubuk jintan\r\n5 cabai hijau\r\n½ sendok teh soda kue Minyak olahan sesuai kebutuhan\r\n1½ sendok makan garam hitam\r\n4 sendok makan bubuk jaggery (seperti gula merah) 1 cangkir kacang polong rebus\r\nSaus tamarind chutney sesuai kebutuhan\r\n1 cangkir pasta asam\r\n1 cangkir daun ketumbar\r\n1 cangkir tepung terigu\r\nGaram sesuai kebutuhan\r\n1½ cangkir daun mint\r\n2 sendok makan boondi atau camilan asal yang terbuat dari tepung berbentuk bulat-bulatan kecil\r\n4 kentang tumbuk rebus\r\nBumbu chutney hijau sesuai kebutuhan\r\nLada hitam sesuai kebutuhan', '1. Langkah pertama adalah membuat puri alias camilan bulat renyah. Ambil mangkuk besar. Masukkan tepung semolina, tepung terigu, soda kue, sedikit garam, dan air secukupnya. Lalu aduk adonan dan uleni sampai kalis. Kemudian, tutupi dengan kain muslin, diamkan sekitar setengah jam.\r\n2. Setelah selesai, buat beberapa bola berukuran kecil dari adonan yang sudah disiapkan. Selanjutnya, letakkan adonan yang sudah dibentuk pada permukaan yang rata dan taburi tepung terigu. Ratakan lalu pipihkan adonan tetapi jangan sampai tipis.\r\n3. Letakkan wajan pada api sedang dan tuangkan minyak goreng secukupnya. Setelah minyak cukup panas, goreng puri dari adonan yang sudah berbentuk bulat. Goreng 3 sampai 4 adonan sekaligus sambil memastikan masing-masing sudah mengembang dan menyerap minyak dengan baik. Selain itu, pastikan api yang dibuat untuk menggoreng adalah api sedang, jangan terlalu besar. Setelah matang, tiriskan lalu letakkan di atas tisu untuk menghilangkan minyaknya. Biarkan dingin.\r\n4. Langkah selanjutnya adalah membuat pani atau saus khas untuk puri. Ambil blender, masukkan cabai hijau, ketumbar bersama daun mint dan haluskan. Setelah selesai, pindahkan pasta cabai-mint itu ke teko. Aduk pasta bersama 4 gelas air, boondi, garam hitam, jaggery, biji jintan panggang. Campur adonan sampai rata.\r\n5. Kemudian, buat pani yang disiapkan melalui saringan untuk menghilangkan komposisi yang kasar. Setelah selesai, masukkan ke dalam kulkas untuk didinginkan. Sekarang yang yang kurang adalah menyiapkan isian. Untuk itu, ambil mangkuk dan campurkan kentang tumbuk bersama kacang polong. Tambahkan garam dan merica sesuai selera.\r\n6. Terakhir, ambil puri dan buat lubang kecil di atasnya, hati-hati dalam memberi lubang karena tekstur puri dangat rapuh. Isi campuran buncis dan kentang dalam porsi yang sama. Tambahkan chutney hijau dan asam ke dalamnya dan sajikan bersama pani yang sudah didinginkan tadi.', '2023-05-11 07:19:19', '2023-05-11 07:19:19');
INSERT INTO `posts` (`id`, `category_id`, `user_id`, `picture`, `title`, `slug`, `ingredient`, `step`, `created_at`, `updated_at`) VALUES
(71, 2, 9, 'post-pictures/n2O68Jv3skO4dADyq9mroS2yc3Vp3Oho6MXOfyck.jpg', 'Spaghetti Aglio Olio (Italia)', 'spaghetti-aglio-olio-italia', 'Air untuk merebus\r\n1 sdm garam\r\n200 g spaghetti\r\n10 – 15 buah cabai rawit merah\r\n5 siung bawang putih, cincang\r\n8 buah zaitun hitam kalengan\r\n25 g capers\r\n60 ml minyak zaitun\r\n1 sdt oregano kering\r\n1 sdt garam\r\n½ sdt merica bubuk\r\n150 g keju parmesan, parut\r\n1 sdm peterseli cincang, untuk taburan', 'Didihkan air dalam panci, bubuhkan garam, masukkan spaghetti, tambahkan minyak goreng. Rebus spaghetti selama ± 10 – 12 menit hingga al dente, angkat, tiriskan.\r\nIris cabai rawit menjadi 2 – 3 bagian, cincang bawang putih dan iris tipis buah zaitun. Tiriskan capers, siram air, tiriskan kembali.\r\nPanaskan minyak zaitun dalam wajan, tumis cabai rawit, bawang putih, dan buah zaitun. Setelah harum, masukkan capers, aduk. Bubuhkan oregano, peterseli cincang, garam, dan merica, aduk ± 2 menit.\r\nMasukkan spaghetti ke dalam wajan, aduk hingga pasta terlumuri bumbu. Masukkan ½ bagian keju parmesan, aduk rata.\r\nPindahkan spaghetti ke atas piring saji. Hidangkan dengan taburan sisa keju parut dan peterseli cincang.', '2023-05-11 16:50:29', '2023-05-11 16:50:29'),
(72, 2, 7, 'post-pictures/qx4VyeORx8jZvujHZvhkC2asTJ9oJTpwi6IW9efE.jpg', 'Dorayaki isi coklat kacang (Jepang)', 'dorayaki-isi-coklat-kacang-jepang', 'Bahan-Bahan Kulit:\r\n200 gr tepung terigu\r\n1/4 sdt Baking powder\r\n1 sdm madu\r\n2 butir telur ayam\r\n100 gr gula pasir\r\n1/4 sdt garam\r\n250 ml susu cair\r\n50 gr margarin\r\n\r\nBahan Isian:\r\n100 gram dark cooking chocolate\r\n25 ml susu cair\r\n2 sdm margarin\r\n100 gram kacang tanah\r\n1 sdt gula pasir', 'Cara Membuat Isian:\r\nUntuk membuat bahan isian kali ini sebaiknya silahkan persiapkan peralatan yang akan dibutuhkan untuk membuat sajian kali ini. Beberapa peralatan tersebut diantaranya adalah sebuah wajan, sebuah panci, sebuah kocokan dan sebuah wadah. Dengan mempersiapkan semua peralatan ini maka anda akan dapat membuat sajian kali ini dengan lebih mudah. Untuk itu, pastikan bila anda mempersiapkan semuanya dengan baik.\r\nSetelah selesai dengan peralatan, silahkan siapkan wajan dan panaskan wajan secara merata. Lalu tuangkan kacang tanah kedalamnya. Silahkan sangrai bahan ini secara merata sampai matang dan berwarna kecoklatan.\r\nLalu, angkat dan masukkan kacang yang sudah matang dalam food processor atau dengan menggunakan mesin penghalus lainnya. Silahkan haluskan bahan ini secara merata, namun jangan terlalu halus.\r\nMasukkan gula pasir kedalamnya dan aduk-aduk secara merata sampai semua bahan tersebut tercampur. Masukkan dalam wadah dan sisihkan sementara.\r\nUntuk membuat coklat, silahkan siapkan panci dan rebus susu didalamnya. Tunggu sampai panas dan masukkan coklat yang sudah anda siapkan. Aduk-aduk semua bahan ini secara merata hingga coklat menjadi mencair.\r\nTuangkan margarin dan aduk-aduk kembali sampai semua bahan menjadi lebih solid dan tercampur secara merata sampai mengental. Masak sampai mendidih dan angkat. Lalu sisihkan sementara.\r\n\r\nCara Membuat Adonan:\r\nUntuk membuat bahan adonan kali ini dapat dilakukan dengan menyiapkan sebuah wadah dan masukkan telur bersama dengan gula pasir. Aduk-aduk semua bahan ini secara merata sampai mengembang dan mengental. Selain itu, gunakan kecepatan tinggi pada mixer agar bahan ini mudah larut secara merata.\r\nSelanjutnya adalah dengan mencampurkan margarin yang telah dilelehkan kedalamnya. Aduk-aduk sampai semua bahan ini tercampur.\r\nKemudian tuangkan tepung terigu bersama dengan baking powder dan garam. Aduk-aduk semua bahan ini secara merata dan kecilkan volume pada mixer agar tepung terigu tidak berantakan.\r\nKocok adonan dan masukkan susu cair kedalamnya bersama dengan madu dan aduk-aduk semua bahan ini secara merata sampai tercampur.\r\nBila semua adonan sudah dimasukkan dan diaduk secara merata, silahkan panaskan wajan datar atau pan anti lengket dengan menggunakan api yang sedang. Setelah itu, tuangkan adonan kedalamnya dan masak sampai matang.\r\nBalikkan bagian lain dari adonan dan masak kembali sampai semua bahan menjadi lebih matang secara merata. Lakukan hal yang sama pada adonan yang masih tersisa.\r\nAmbil satu bagian kue dorayaki dan olesi dengan menggunakan coklat yang sudah anda buat sebelumnya. Lalu taburi bagian atasnya dengan menggunakan kacang tanah yang sudah dihaluskan, taburkan dengan merata. Lalu rapatkan dengan menggunakan tangan. Sajikan.', '2023-05-11 17:01:33', '2023-05-11 17:01:33'),
(73, 2, 9, 'post-pictures/ZjjNjxplqGQTY8JwmCtfj7Q3I1DWZqMJASMGNNVk.jpg', 'Sandwich (Inggris)', 'sandwich-inggris', '2 buah roti tawar\r\n1 butir telur\r\n1 buah sosis diiris tipis\r\nDaun selada secukupnya\r\nPotongan timun\r\nPotongan bawang bombai\r\nParutan keju\r\nSaus sambal atau saus tomat\r\nMayones\r\nMerica dan garam secukupnya', '1. Kocok telur dengan merica, garam, dan potongan sosis lalu goreng hingga matang.\r\n2. Panggang roti tawar di atas teflon yang diolesi margarin agar lebih nikmat, kemudian angkat.\r\n3. Ambil 1 roti yang telah dipanggang dan letakkan daun selada, potongan timun, potongan bawang bombai, dan telur di atasnya.\r\n4. Di sisi roti panggang lain oleskan saus tomat atau saus sambal.\r\n5. Tumpuk kedua sisi roti, tekan, dan potong menyamping. Setelah siap, sajikan.', '2023-05-11 17:08:16', '2023-05-11 17:08:16'),
(74, 2, 3, 'post-pictures/me0kowMp9c2895qIOr95TniGoymYYbwFGTQqbdqw.jpg', 'Hot dog (Jerman)', 'hot-dog-jerman', '2 roti bun panjang khusus hot dog\r\n2 sosis sapi ukuran sedang\r\n2 sdm wortel serut\r\n2 sdm irisan kol\r\n2 sdm saus tomat\r\n2 sdm mayones\r\nMargarin atau mentega untuk memanggang', '1. Siapkan teflon, panaskan margarin atau mentega.\r\n2. Belah tengah roti bun untuk diletakkan sosis beserta sayuran di atasnya.\r\n3. Panggang roti bun serta sosis di atas teflon, dan olesi mentega sembari dibolak-balik hingga kedua sisi kecoklatan.\r\nJika lebih suka sosis goreng, olesi sosis dengan mentega sebelum di masukkan ke minyak panas. Tiriskan jika sudah matang.\r\n4. Campurkan serutan wortel beserta irisan kol dengan saus tomat dan mayones.\r\n5. Letakkan roti bun di piring, selipkan sosis di tengah roti, dan tambahkan campuran sayuran dengan saus di atas sosis.\r\nNikmati segera dalam keadaan hangat.', '2023-05-11 17:09:57', '2023-05-11 17:09:57'),
(75, 2, 6, 'post-pictures/pCPcliYiWZRPfs3tkoawWgEv7cDBxImTJ2V9R3aA.jpg', 'Yangnyeom tongdak (Korea Selatan)', 'yangnyeom-tongdak-korea-selatan', '250 gr sayap ayam/ayam fillet\r\n2 sdm tepung terigu\r\n2 sdm tepung beras\r\n1 sdm tepung tapioka\r\n1 sdt lada bubuk\r\n1 sdt garam\r\n2 butir telur\r\n\r\nBahan saus :\r\n3 siung bawang putih, haluskan\r\n3 sdm saus gochujang\r\n1 sdm saus tomat\r\n1 sdm madu\r\n1 sdm kecap asin\r\n1 sdm perasan air jeruk nipis\r\nAir secukupnya', 'Ambil wadah lalu campur semua tepung, garam, dan lada.\r\nMasukkan telur lalu aduk merata.\r\nTambahkan ayam ke dalam adonan lalu pastikan semua bagian ayam terlumuri dengan baik.\r\nGoreng ayam hingga matang kecokelatan lalu tiriskan.\r\nCampur semua bahan saus ke dalam sebuah mangkuk.\r\nPanaskan minyak goreng lalu tumis bahan saus sampai mengental.\r\nJika saus sudah mengental, masukkan ayam, lalu aduk merata, dan angkat.', '2023-05-11 17:12:41', '2023-05-11 17:12:41'),
(76, 2, 7, 'post-pictures/pgUxWgwx2WEBHgge9pHbYKUa5jPsfjwOrdY4NyKi.jpg', 'Tom Yum Seafood (Thailand)', 'tom-yum-seafood-thailand', '8 udang kupas\r\n4 bakso ikan\r\n4 jamur kancing kupas\r\n8 lembar daun jeruk\r\n1 batang serai\r\n4 sdm air jeruk nipis\r\n4 cabai keriting merah dihaluskan\r\n2 sdt penyedap rasa\r\n1 sdm gula pasir\r\n1 sdt garam\r\n700 ml air\r\n2 sdm minyak goreng', 'Keprek serai lalu potongi jamur kancing menjadi dua bagian.\r\nPotongi juga bakso ikan jadi 4 bagian lalu sisihkan.\r\nPanaskan minyak goreng lalu masukkan cabai keriting merah halus dan aduk merata.\r\nMasukkan air, daun jeruk, serai, bakso ikan, jamur kancing, dan air jeruk nipis.\r\nTambahkan gula, garam, dan penyedap rasa secukupnya.\r\nAduk merata lalu masukkan udang kupas, masak sampai matang, dan sajikan.', '2023-05-11 17:14:26', '2023-05-11 17:14:26'),
(77, 2, 6, 'post-pictures/EQpCAi5VOba4KTz1QXs1zqacUE3ncKuyieEw7Loh.jpg', 'Corn dog (Amerika Serikat)', 'corn-dog-amerika-serikat', '250 gram Tepung Terigu Protein tinggi\r\n2 sdt Ragi Instan\r\n3 sdt Gula Pasir\r\n1 sdt Garam Halus\r\n1 butir Telur\r\n180 ml Air\r\nTusuk Sate\r\n\r\nPelapis :\r\nTepung Terigu Secukupnya\r\nTepung Roti Halus, secukupnya\r\n\r\nIsian :\r\nSosis\r\nKeju Opsional\r\n\r\nTopping :\r\nSaus Sambal\r\nMayones', '1. Campurkan terigu dengan gula, ragi instan. Aduk rata. Masukkan garam, aduk.\r\n2. Masukkan telur, aduk rata, tambahkan air. Aduk hingga adonan halus dan tidak bergerindil. Istirahatkan adonan kurang lebih 30-45 menit sampai mengembang 2 kali lipat (tergantung suhu ruangan ya)\r\n3. Tusuk sosis dengan tusuk sate, gulingkan ke tepung terigu hingga semua bagian sosis terlapisi. Sisihkan\r\n4. Setelah adonan mengembang, masukkan sosis ke dalam adonan, balurkan hingga menutupi semua bagian sosis. Gulingkan ke tepung roti sampai semua terlapisi.\r\n5. Ulangi lagi masukkan ke adonan, kemudian balurkan ke tepung roti. Dilakukan dua kali agar hasil corndognya lebih berisi.\r\n6. Goreng dalam minyak panas dengan api sedang hingga matang. Bolak-balik agar tepung roti tidak mudah gosong.\r\n7. Sajikan dengan saus sambal/saus tomat dan mayonaise.', '2023-05-11 17:21:31', '2023-05-11 17:21:31'),
(78, 2, 2, 'post-pictures/UIXdwgixMJO6Zf2xw20ivqMS3iM77LpVGvs8envf.jpg', 'Churros (Spanyol)', 'churros-spanyol', '25 g margarin\r\n150 ml air\r\n25 g gula pasir\r\n¼ sdt garam\r\n150 g tepung terigu serbaguna\r\n½ sdt baking powder\r\n1 sdm cokelat bubuk\r\n2 butir telur\r\nminyak goreng\r\n50 g minuman cokelat bubuk/Milo\r\n1 sdm gula pasir halus/gula kastor', '1. Rebus margarin, air, gula pasir, dan garam sambil diaduk sampai mendidih. Masukkan tepung terigu dan cokelat bubuk. Aduk sampai kalis. Angkat. \r\nBiarkan hingga uap panasnya hilang.\r\n2. Tambahkan telur. Kocok rata. Masukkan ke dalam kantung plastik segitiga yang diberi spuit bintang.\r\n3. Panaskan minyak goreng yang banyak dalam wajan datar. Semprot memanjang adonan. Gunting ujungnya.\r\n4. Goreng sampai churros matang dan kering. Tiriskan. Saat masih panas, gulingkan churros di atas campuran milo dan gula pasir halus.', '2023-05-11 17:23:56', '2023-05-11 17:23:56'),
(79, 2, 9, 'post-pictures/gNpeBaOr7lApd3F6UpzBOI02qbucAA22z7l8rfVR.jpg', 'Omurice (Jepang)', 'omurice-jepang', '1 1/2 centong Nasi hangat\r\n1/2 buah Wortel (potong dadu, rebus hingga matang & empuk)\r\n1/2 buah Tomat (potong dadu)\r\n1/4 buah Bawang bombay (iris dadu)\r\n1/2 sdt Kecap manis\r\nSejumput Garam\r\nSejumput Merica bubuk\r\n20-30 ml Susu UHT FullCream\r\n1/2 sdt Mentega/margarin\r\n\r\nBahan Kulit Telur:\r\n2 butir Telur ayam\r\nSejumput garam', '1. Nasi goreng : Tumis bawang bombay dengan mentega hingga harum. Masukkan wortel, tomat, kecap, garam dan merica bubuk, tumis sebentar.\r\n2. Masukkan nasi, tumis hingga berubah warna. Tambahkan susu, tumis sebentar. Tes Rasa.\r\n3. Kulit telur : Kocok lepas telur ayam dan tambahkan garam, bagi menjadi 2 adonan telur ayam. Panaskan teflon, olesi sedikit mentega, masukkan adonan 1, buat seperti telur dadar. Setelah matang, angkat. Lakukan hal yang sama untuk adonan yg ke 2 (gunakan api kecil).\r\n4. Letakkan kulit telur 1, isi dengan nasi goreng dan kemudian letakkan kulit telur 2 diatasnya. Kreasikan sesuka hati, sajikan.', '2023-05-11 17:25:51', '2023-05-11 17:25:51'),
(80, 2, 4, 'post-pictures/8T8cUDLAnZbtTFNDBRDTNQxfZBVT1ygHkQ68c2EQ.jpg', 'Pad Thai (Thailand)', 'pad-thai-thailand', '150 gram rice noodle (kwetiau)\r\n2 buah telur ayam\r\n100 gram kol\r\n100 gram tauge\r\n3 siung bawang putih yang dicincang halus\r\n50 gram udang.\r\n\r\nBumbu masak :\r\n3 sendok makan kecap ikan\r\n3 sendok makan air asam jawa\r\n1 sendok makan gula\r\n1 sendok makan air jeruk nipis\r\n1 sendok teh paprika atau cabai bubuk.\r\n\r\nBumbu pelengkap :\r\nKacang goreng yang ditumbuk kasar\r\nDaun ketumbar (opsional).', '1. Siapkan semua bumbu masak di atas, lalu masukkan ke dalam satu wadah dan aduk hingga merata.\r\n2. Kemudian, tumis bawang putih hingga aromanya harum, dan masukkan telur. Masak hingga matang.\r\n3. Setelah itu, tuangkan udang ke dalam panci penggorengan sampai matang.\r\n4. Kini, giliran kwetiau, kol, dan tauge yang kamu masukkan.\r\n5. Masukkan bumbu masak yang sudah diaduk rata tadi.\r\n6. Jika sudah matang, angkat dan sajikan di dalam piring. Jangan lupa untuk menaburkan kacang halus dan daun ketumbar yang sudah disiapkan tadi.', '2023-05-11 17:28:30', '2023-05-11 17:28:30'),
(81, 2, 1, 'post-pictures/MeMOTVhGzDhR8fGVkZB3wRGdEMv7dBdDY7zWSocg.jpg', 'Onigiri tuna mayo (Jepang)', 'onigiri-tuna-mayo-jepang', '300-400 gram beras\r\nNori lembaran\r\nWijen Hitam\r\n\r\nBahan-bahan untuk isian :\r\n1 gelas Ikan tuna yang sudah disuwir\r\nBawang bombay yang dicincang\r\n2-3 sdm mayones\r\nLada dan garam secukupnya\r\n2 sdm kacang polong\r\nDaun bawang', '1. Masak nasi seperti biasanya.\r\n2. Tumis bawang bombay hingga. harum lalu campurkan tuna, tambahkan garam dan lada sesuai selera, tumis hingga matang.\r\n3. Sisihkan, lalu campurkan dengan kacang polong dan mayones.\r\n4. Ambil nasi secukupnya, tuang isian tuna, lalu kepal-kepal hingga bebentuk segitiga.\r\n5. Tambahkan nori dan taburi dengan wijen.', '2023-05-11 17:30:22', '2023-05-11 17:30:22');

-- --------------------------------------------------------

--
-- Table structure for table `users`
--

CREATE TABLE `users` (
  `id` bigint(20) UNSIGNED NOT NULL,
  `photo` varchar(255) NOT NULL,
  `name` varchar(255) NOT NULL,
  `username` varchar(255) NOT NULL,
  `email` varchar(255) NOT NULL,
  `email_verified_at` timestamp NULL DEFAULT NULL,
  `password` varchar(255) NOT NULL,
  `about` varchar(255) NOT NULL,
  `isAdmin` tinyint(1) NOT NULL,
  `isVerified` tinyint(1) NOT NULL,
  `remember_token` varchar(100) DEFAULT NULL,
  `created_at` timestamp NULL DEFAULT NULL,
  `updated_at` timestamp NULL DEFAULT NULL
) ENGINE=InnoDB DEFAULT CHARSET=utf8mb4 COLLATE=utf8mb4_unicode_ci;

--
-- Dumping data for table `users`
--

INSERT INTO `users` (`id`, `photo`, `name`, `username`, `email`, `email_verified_at`, `password`, `about`, `isAdmin`, `isVerified`, `remember_token`, `created_at`, `updated_at`) VALUES
(1, 'user-photos/lxWLIBNrFc8IaqC4geOlnQKpRfg5jcB3USErniqA.png', 'Resepedia', 'Resepedia', 'admin@gmail.com', NULL, '$2y$10$k6PLCsjwpZ.4vIBZXwgWwOvUMDpsxgftwNSg6TP3P22y0WM/5eU8O', 'Berbagi Resep Makanan\r\nKreasikan Resep Makanan Anda Sendiri', 1, 1, NULL, '2022-06-06 00:50:34', '2023-05-16 04:08:57'),
(2, 'user-photos/OjnyVUrkhA29zmDd2c0UimANZsUD3etM0rX1RAYI.jpg', 'Alfan Tsalits', 'Alfan', 'alfan@gmail.com', NULL, '$2y$10$4h6tjhq0oYsKBgc.nldiseu38E/Gb5nlGJE1mEAzTn5m/YFHFxB0K', 'Eat! Eat! Eat!', 0, 0, NULL, '2022-06-06 00:55:17', '2023-05-16 20:26:37'),
(3, 'user-photos/dP0Kcp52jj3aa72nfOuO5BdPoO2ZOOXsiYbRnHbv.jpg', 'Ahmad Khoiru Shofa', 'Shofa', 'shofa@gmail.com', NULL, '$2y$10$4h6tjhq0oYsKBgc.nldiseu38E/Gb5nlGJE1mEAzTn5m/YFHFxB0K', 'Food Addict...', 0, 0, NULL, '2022-06-06 01:04:53', '2023-05-17 05:33:16'),
(4, 'user-photos/e8izr4TasEArpZ40iIwfNHNXRioktVCbLcgBzoaa.jpg', 'Nur Cholis Majid', 'Cholis', 'cholis@gmail.com', NULL, '$2y$10$4h6tjhq0oYsKBgc.nldiseu38E/Gb5nlGJE1mEAzTn5m/YFHFxB0K', '.......', 0, 0, NULL, '2022-06-06 08:49:11', '2023-05-17 05:30:00'),
(5, 'user-photos/6OSgliNZyFhK9Qk2wFOBZ7Uis5IL6HOw2u49q7be.jpg', 'Suhaidi Jamaan', 'adi.mci8', 'adi@gmail.com', NULL, '$2y$10$MINxowudb0KwtgN8GkB27ejFpZJuV7fVWUmF.gQJkGLiITW2Th3rG', 'Hi everybody', 0, 1, NULL, '2022-06-06 22:41:52', '2022-06-07 22:21:00'),
(6, 'user-photos/MoC4UYooqRlbkwZ054oo6Mnbgm2Pj7mOcbPBRJcY.jpg', 'Zuhriyah Akmalaul', 'Zuhriyah', 'ria@gmail.com', NULL, '$2y$10$4h6tjhq0oYsKBgc.nldiseu38E/Gb5nlGJE1mEAzTn5m/YFHFxB0K', 'Food Vlogger!!', 0, 0, NULL, '2022-06-08 00:20:36', '2023-05-17 05:28:50'),
(7, 'user-photos/OWNncLPIbtTWKwoOvEsnWIBoHYZzmvxgOyqTgqAU.jpg', 'Adinda Nabila Firnanda', 'Adinda', 'dinda@gmail.com', NULL, '$2y$10$IaisoC/zbhqOchtTz12PVeg9Y8mW1mDtYk3stSc8zXxsbsTp.f3.i', 'Halo', 0, 0, NULL, '2022-06-08 01:45:44', '2023-05-16 20:23:50'),
(8, 'user-photos/tm04Q6J5w34oXgmFPSsgRTDVCfEF80sVDxJxlQX1.jpg', 'Viorenita Sutanto', 'onic_vior', 'vior@gmail.com', NULL, '$2y$10$4h6tjhq0oYsKBgc.nldiseu38E/Gb5nlGJE1mEAzTn5m/YFHFxB0K', 'Hi everybody', 0, 0, NULL, '2022-06-08 01:56:16', '2022-06-08 01:58:15'),
(9, 'user-photos/T8cXnIScGMAJRrY7JSWDYMk82z0SCRBrAks4M3qU.jpg', 'Tsania Asara', 'Tsania', 'tsania@gmail.com', NULL, '$2y$10$J8WB0XSof0roio3y0Huscum2FKr8vktB2HqdeDW4K.q4e14dl3u42', 'Hi All!', 0, 0, NULL, '2022-06-08 02:00:06', '2023-05-17 05:31:13');

--
-- Indexes for dumped tables
--

--
-- Indexes for table `categories`
--
ALTER TABLE `categories`
  ADD PRIMARY KEY (`id`),
  ADD UNIQUE KEY `categories_name_unique` (`name`),
  ADD UNIQUE KEY `categories_slug_unique` (`slug`);

--
-- Indexes for table `migrations`
--
ALTER TABLE `migrations`
  ADD PRIMARY KEY (`id`);

--
-- Indexes for table `personal_access_tokens`
--
ALTER TABLE `personal_access_tokens`
  ADD PRIMARY KEY (`id`),
  ADD UNIQUE KEY `personal_access_tokens_token_unique` (`token`),
  ADD KEY `personal_access_tokens_tokenable_type_tokenable_id_index` (`tokenable_type`,`tokenable_id`);

--
-- Indexes for table `posts`
--
ALTER TABLE `posts`
  ADD PRIMARY KEY (`id`),
  ADD UNIQUE KEY `posts_slug_unique` (`slug`);

--
-- Indexes for table `users`
--
ALTER TABLE `users`
  ADD PRIMARY KEY (`id`),
  ADD UNIQUE KEY `users_email_unique` (`email`);

--
-- AUTO_INCREMENT for dumped tables
--

--
-- AUTO_INCREMENT for table `categories`
--
ALTER TABLE `categories`
  MODIFY `id` bigint(20) UNSIGNED NOT NULL AUTO_INCREMENT, AUTO_INCREMENT=8;

--
-- AUTO_INCREMENT for table `migrations`
--
ALTER TABLE `migrations`
  MODIFY `id` int(10) UNSIGNED NOT NULL AUTO_INCREMENT, AUTO_INCREMENT=5;

--
-- AUTO_INCREMENT for table `personal_access_tokens`
--
ALTER TABLE `personal_access_tokens`
  MODIFY `id` bigint(20) UNSIGNED NOT NULL AUTO_INCREMENT;

--
-- AUTO_INCREMENT for table `posts`
--
ALTER TABLE `posts`
  MODIFY `id` bigint(20) UNSIGNED NOT NULL AUTO_INCREMENT, AUTO_INCREMENT=82;

--
-- AUTO_INCREMENT for table `users`
--
ALTER TABLE `users`
  MODIFY `id` bigint(20) UNSIGNED NOT NULL AUTO_INCREMENT, AUTO_INCREMENT=25;
COMMIT;

/*!40101 SET CHARACTER_SET_CLIENT=@OLD_CHARACTER_SET_CLIENT */;
/*!40101 SET CHARACTER_SET_RESULTS=@OLD_CHARACTER_SET_RESULTS */;
/*!40101 SET COLLATION_CONNECTION=@OLD_COLLATION_CONNECTION */;
